{
  "scriptFile": "__init__.py",
  "bindings": [
    {
      "authLevel": "function",
      "type": "httpTrigger",
      "direction": "in",
      "name": "req",
      "methods": [
        "get",
        "post"
      ]
    },
    {
      "type": "http",
      "direction": "out",
      "name": "$return"
    },

    {
      "type": "cosmosDB",
      "direction": "in",
      "name": "doc",
      "id": "visitorCount",
      "partitionKey": "visitorCount",
      "databaseName": "CRCDB",
      "containerName": "counter",
      "connection": "COSMOS_DB_CONNECTION_STRING"
    },
    {
      "type": "cosmosDB",
      "direction": "out",
      "name": "outdoc",
      "databaseName": "CRCDB",
      "containerName": "counter",
      "connection": "COSMOS_DB_CONNECTION_STRING"
    }

  ]
}